,x1,x2,x3,y
0,-0.6877317809021262,-0.37546356180425233,-0.6347861913483759,-1.6979815340547544
1,-1.0921960722545803,-1.1843921445091605,-0.8876404269337281,-3.1642286436974687
2,0.838449131279035,2.67689826255807,0.7436070776614856,4.2589544714985905
3,0.1064579330018744,1.212915866003749,0.1062569604551915,1.4256307594608149
4,-0.2083400094900124,0.5833199810199752,-0.20683609134210382,0.16814388018785895
5,-0.48039403868807595,0.039211922623848094,-0.46212864999872544,-0.9033107660629534
6,-0.42541487454045945,0.1491702509190811,-0.4126987130237489,-0.6889433366451272
7,0.969333642816156,2.938667285632312,0.8245088388249378,4.732509767273406
8,0.6097437452455441,2.219487490491088,0.5726574025921265,3.4018886383287583
9,1.2088801956514823,3.4177603913029646,0.9352201023621156,5.561860689316562
10,-0.17603850619303452,0.647922987613931,-0.17513068813149532,0.2967537932894011
11,1.3444626303586094,3.6889252607172187,0.9744956840415473,6.007883575117375
12,2.5310177798585403,6.0620355597170805,0.5733385595282996,9.16639189910392
13,-1.5692960966410854,-2.1385921932821708,-0.9999988746549539,-4.70788716457821
14,1.139367234760433,3.278734469520866,0.9083690749424609,5.326470779223759
15,0.4514817679279033,1.9029635358558066,0.4362993097470668,2.7907446135307765
16,2.356177065840936,5.712354131681872,0.7071191019562444,8.775650299479054
17,-0.7960511609207059,-0.5921023218414119,-0.714599322390972,-2.1027528051530897
18,-0.1603508417414895,0.679298316517021,-0.15966455734125268,0.3592829174342788
19,0.633163263296956,2.266326526593912,0.591697809881686,3.491187599772554
20,1.076140743068346,3.152281486136692,0.8801322662719967,5.108554495477035
21,0.20740339842790145,1.414806796855803,0.20591964333578683,1.828129838619491
22,0.07779748237160955,1.155594964743219,0.07771902857773753,1.3111114756925661
23,2.119802218709358,5.239604437418716,0.8530437083203873,8.212450364448461
24,1.2403578817702936,3.480715763540587,0.9459001775486127,5.666973822859493
25,0.621769052481211,2.243538104962422,0.5824740443013925,3.447781201745025
26,-0.07371166850293243,0.8525766629941351,-0.07364493568115563,0.7052200588100471
27,2.060336839485998,5.120673678971996,0.8825490120825228,8.063559530540516
28,0.6744599670200189,2.3489199340400377,0.6244756181257246,3.6478555191857813
29,0.787635805496532,2.575271610993064,0.708687261512283,4.071594678001879
30,0.5821809173425467,2.1643618346850935,0.5498468879351833,3.296389639962823
31,-0.6877656728344588,-0.37553134566891755,-0.6348123788676313,-1.6981093973710077
32,0.08111096587003513,1.1622219317400702,0.08102205709910736,1.3243549547092126
33,1.709900478447893,4.419800956895786,0.9903406083184502,7.12004204366213
34,0.9692682583422003,2.9385365166844006,0.8244718393184725,4.732276614345073
35,0.7826240982880394,2.5652481965760785,0.7051425027058941,4.053014797570012
36,-0.355092029339823,0.28981594132035404,-0.34767665475107506,-0.412952742770544
37,0.7149819478750824,2.4299638957501646,0.6556037855528002,3.800549629178047
38,-0.4128047361876134,0.17439052762477325,-0.4011800387339998,-0.6395942472968399
39,-1.575802688059727,-2.151605376119454,-0.9999874681996175,-4.727395532378798
40,-0.8159082213428586,-0.6318164426857171,-0.7283482186892085,-2.176072882717784
41,-0.4219233888237589,0.1561532223524822,-0.4095159228003416,-0.6752860892716184
42,0.6079253113137085,2.215850622627417,0.57116571394529,3.3949416478864154
43,1.1463754023781545,3.292750804756309,0.9112773450892312,5.350403552223694
44,0.43341831185846935,1.8668366237169387,0.4199754892439435,2.7202304248193516
45,-2.1670983327823055,-3.334196665564611,-0.8274180113447481,-6.328713009691664
46,0.08258021860121639,1.1651604372024327,0.08248639140266696,1.330227047206316
47,-0.1023119501886921,0.7953760996226158,-0.10213354785481459,0.5909306015791091
48,-0.8270186446083976,-0.6540372892167952,-0.7359160500630038,-2.2169719838881967
49,0.013958557647238745,1.0279171152944775,0.013958104367661468,1.0558337773093778
50,-0.1641480050878239,0.6717039898243522,-0.1634118480571289,0.34414413667939936
51,1.77299817599903,4.54599635199806,0.9796267625378171,7.298621290534907
52,-0.18365012512002732,0.6326997497599454,-0.18261952538747026,0.26643009925244776
53,-0.16220634313077686,0.6755873137384463,-0.16149597920586484,0.35188499140180457
54,0.20817169175202327,1.4163433835040466,0.20667141044363177,1.8311864856997018
55,-0.24340069209050796,0.5131986158189841,-0.24100446694937694,0.02879345677909917
56,1.1353796867462203,3.2707593734924405,0.9066943871429791,5.31283344738164
57,0.8038544004824394,2.607708800964879,0.7200361422679347,4.131599343715253
58,-0.2394664550417024,0.5210670899165952,-0.2371843401390088,0.04441629473588404
59,1.478788195306974,3.957576390613948,0.9957702370536934,6.432134822974615
60,0.5485767900733591,2.0971535801467183,0.5214733786194355,3.167203748839513
61,2.2753032899136763,5.5506065798273525,0.7619309637590472,8.587840833500076
62,-0.1664329564130118,0.6671340871739764,-0.16566565638006112,0.3350354743809034
63,1.2190628655793128,3.4381257311586255,0.9387769017404881,5.595965498478427
64,1.4975562457887321,3.9951124915774643,0.9973191439556892,6.489987881321886
65,1.9286697847822636,4.857339569564527,0.9366438329237612,7.722653187270551
66,0.01173059401452381,1.0234611880290476,0.011730324981387196,1.0469221070249586
67,-0.06571484618143231,0.8685703076371354,-0.06566755877854237,0.7371879026771607
68,0.5554861274590199,2.11097225491804,0.5273563978648822,3.193814780241942
69,2.739792778872725,6.47958555774545,0.39107550503981997,9.610453841657995
70,2.32535349891,5.65070699782,0.7285749366986922,8.704635433428694
71,0.3516680080015906,1.7033360160031812,0.34446421091666,2.399468234921432
72,-0.19275047415819602,0.614499051683608,-0.19155915447437288,0.23018942305103907
73,-0.2886680643296645,0.42266387134067096,-0.28467565263642486,-0.15067984562541842
74,-0.4498242108671541,0.10035157826569185,-0.4348072385761361,-0.7842798711775983
75,1.0795599164535825,3.159119832907165,0.8817502976276717,5.120430046988419
76,1.9395644000324246,4.87912880006485,0.9327721217515131,7.751465321848787
77,1.2044291052803289,3.4088582105606577,0.9336348594855515,5.5469221753265385
78,0.2799633187646498,1.5599266375292995,0.2763203956774843,2.1162103519714335
79,1.3416121996317731,3.6832243992635463,0.9738520715938476,5.998688670489167
80,-0.7385309928654029,-0.4770619857308058,-0.6732023688864202,-1.888795347482629
81,1.1735628597782872,3.3471257195565745,0.9221348065547443,5.442823385889606
82,0.6252161905517181,2.250432381103436,0.5852725818300835,3.4609211534852373
83,0.14948413033396313,1.2989682606679263,0.1489280356061107,1.597380426608
84,-0.033954604371448927,0.9320907912571021,-0.03394808028453547,0.8641881066011178
85,1.1998178687700958,3.3996357375401915,0.9319730738454031,5.531426680155691
86,-0.06335199737030317,0.8732960052593937,-0.06330962892446514,0.7466343789646254
87,1.8855783903187673,4.771156780637535,0.9508638766438464,7.607599047600148
88,0.4923131822169088,1.9846263644338176,0.4726656239141687,2.949605170564895
89,1.9209465744261345,4.841893148852269,0.9393211826613814,7.7021609059397855
90,-0.340217819986649,0.31956436002670197,-0.3336924350366106,-0.35434589499655766
91,1.104417771218697,3.208835542437394,0.8932025407330573,5.206455854389148
92,1.3655717166625594,3.7311434333251188,0.9790152365764918,6.07573038656417
93,0.4809134238021652,1.9618268476043303,0.462589185062577,2.905329456469073
94,-0.25144547103651615,0.4971090579269677,-0.24880423514811326,-0.003140648257661721
95,1.6306020661226368,4.261204132245274,0.99821216974869,6.890018368116601
96,-0.008776130901282153,0.9824477381974357,-0.00877601824475627,0.9648955890513973
97,1.4283715756377862,3.8567431512755723,0.9898747282699581,6.2749894551833165
98,1.8001024563380275,4.600204912676055,0.9738243474722356,7.3741317164863185
99,-0.2222528869565661,0.5554942260868678,-0.22042765404363954,0.1128136850866622
100,-0.4651715818155888,0.06965683636882236,-0.4485761583710659,-0.8440909038178324
101,1.7888865032954198,4.5777730065908395,0.976312449383459,7.342971959269718
102,-0.46985666802850434,0.060286663942991314,-0.45275849048697564,-0.8623284945724887
103,2.2280942896830194,5.456188579366039,0.7916460101027443,8.475928879151802
104,1.7534566049710818,4.506913209942164,0.9833639435146146,7.243733758427861
105,-0.034501854071692484,0.930996291856615,-0.03449500943812651,0.861999428346796
106,0.7284321526075932,2.4568643052151864,0.6657004961076328,3.8509969539304127
107,-0.6596515588152585,-0.319303117630517,-0.6128415489302802,-1.5917962253760556
108,0.8742420227586718,2.7484840455173436,0.7670574207641188,4.389783489040134
109,0.8444023998536969,2.688804799707394,0.7475743327271511,4.280781532288242
110,0.7263730091967108,2.4527460183934213,0.6641625138743452,3.843281541464477
111,1.1329003094882977,3.2658006189765953,0.9056458292708277,5.304346757735721
112,2.208615349785856,5.417230699571712,0.8033963187313067,8.429242368088875
113,-0.6175806202369398,-0.23516124047387965,-0.5790643808763128,-1.4318062415871324
114,0.32362119067950934,1.6472423813590187,0.3180018530955235,2.2888654251340514
115,-0.0039598392618813705,0.9920803214762373,-0.003959828913293748,0.9841606533010622
116,0.25981531397700874,1.5196306279540175,0.25690206878707855,2.036348010718105
117,0.2050735942618374,1.4101471885236747,0.20363921262389084,1.818859995409403
118,-0.23065474839517353,0.538690503209653,-0.22861498113274017,0.07942077368173925
119,1.6338063715847106,4.267612743169421,0.9980155238329644,6.8994346385870955
120,-0.5764215729331985,-0.15284314586639702,-0.5450272138351986,-1.2742919326347941
121,1.1361201980140665,3.272240396028133,0.9070064774354494,5.315367071477649
122,1.5966320725715346,4.193264145143069,0.9996662756837211,6.789562493398325
123,0.9350597319731466,2.8701194639462932,0.8046345466228781,4.609813742542318
124,1.096377722673501,3.192755445347002,0.8895584659966278,5.178691634017131
125,0.1188395835203348,1.2376791670406697,0.11856005544506805,1.4750788060060727
126,0.5727606592641625,2.145521318528325,0.5419541911770869,3.2602361689695742
127,0.5470490284170278,2.0940980568340555,0.5201691811040895,3.161316266355173
128,1.4900143346609418,3.9800286693218836,0.996738908868981,6.466781912851806
129,0.4152905412943376,1.8305810825886752,0.40345579244462554,2.6493274163276386
130,1.1184384411967971,3.2368768823935943,0.8994190012617272,5.2547343248521186
131,0.6560033337287865,2.312006667457573,0.6099546283169698,3.577964629503329
132,-0.5046289792977863,-0.009257958595572546,-0.48348269918376313,-0.9973696370771219
133,-2.307720600968091,-3.615441201936182,-0.7405389872176436,-6.663700790121917
134,0.7927418320119931,2.585483664023986,0.712280425528196,4.090505921564175
135,0.45850977280795713,1.9170195456159143,0.4426122927076513,2.818141611131523
136,0.926858854089362,2.853717708178724,0.7997381054955744,4.580314667763661
137,-0.5300711298261509,-0.0601422596523018,-0.5055947112428618,-1.0958081007213145
138,0.5230742331670887,2.046148466334177,0.4995456641638517,3.0687683636651175
139,0.7628948553639463,2.5257897107278926,0.69101685095009,3.9797014170419294
140,0.3070131511059116,1.614026302211823,0.3022128034491567,2.2232522567668913
141,0.07170485723300801,1.143409714466016,0.07164342690600586,1.2867579986050297
142,0.07903454571333363,1.1580690914266674,0.07895229039405108,1.3160559275340522
143,0.7422354675820976,2.484470935164195,0.6759370479626863,3.902643450708979
144,0.041228024306431243,1.0824560486128625,0.04121634574336916,1.1649004186626628
145,-0.8686093875699665,-0.7372187751399331,-0.7634314944720555,-2.369259657181955
146,1.999727773733185,4.99945554746637,0.9094106792313267,7.908594000430882
147,0.33630804170811807,1.6726160834162362,0.330004216338646,2.338928341463
148,1.7784432170695876,4.556886434139175,0.978518735550476,7.313848386759238
149,-1.1116973767711926,-1.2233947535423852,-0.8964521531541731,-3.231544283467751
150,1.2689074565728846,3.5378149131457692,0.9547765859002392,5.761498955618893
151,1.1011296164568303,3.2022592329136605,0.8917191809908895,5.19510803036138
152,-0.1447697228496545,0.710460554300691,-0.14426456528124498,0.4214262661697915
153,-0.08623937518383318,0.8275212496323336,-0.08613251791870637,0.6551493565297941
154,-0.5155781400322987,-0.031156280064597475,-0.4930379177567841,-1.0397723378536803
155,-0.9185976399140898,-0.8371952798281797,-0.794751259987476,-2.5505441797297452
156,0.5502149804434623,2.100429960886925,0.5228704929506514,3.1735154342810388
157,0.5063354324326733,2.0126708648653464,0.48497574494783363,3.003982042245853
158,0.44624170624619613,1.8924834124923922,0.4315783254666641,2.7703034442052523
159,1.4109726326834466,3.8219452653668933,0.9872553567700897,6.2201732548204305
160,0.33310633170222037,1.6662126634044407,0.32698018159972064,2.3262991767063816
161,0.7170128625391708,2.4340257250783415,0.6571359864151867,3.808174574032699
162,-1.4673855320743463,-1.9347710641486926,-0.9946578669526873,-4.396814463175726
163,1.107851972071317,3.215703944142634,0.8947414746709724,5.218297390884923
164,1.8378343574798675,4.675668714959735,0.9645567178371897,7.4780597902767925
165,0.8036998774491872,2.6073997548983745,0.7199289044894381,4.131028536837
166,0.6216230524676843,2.243246104935369,0.5823553620847217,3.447224519487775
167,1.2234227936735875,3.446845587347175,0.9402700814971809,5.610538462517944
168,2.428856761985047,5.857713523970094,0.6539061248031817,8.940476410758324
169,-0.76548429827321,-0.5309685965464199,-0.6928862815642947,-1.9893391763839245
170,1.5001715883884243,4.000343176776848,0.9975071096020203,6.498021874767293
171,2.287405273901687,5.574810547803374,0.7540374105621147,8.616253232267175
172,-0.20302213551371195,0.5939557289725761,-0.20163031304420026,0.18930328041466388
173,-0.15571793574534354,0.6885641285093129,-0.15508938823876328,0.3777568045252061
174,0.9074604240325488,2.8149208480650976,0.7879425414802949,4.510323813577941
175,-0.2947826721975264,0.4104346556049472,-0.29053190355226577,-0.174879920144845
176,0.5410316207647221,2.082063241529444,0.5150205479995649,3.1381154102937314
177,0.24040870246275914,1.4808174049255183,0.238099594785926,1.9593257021742034
178,0.9288855091921051,2.85777101838421,0.800953162701892,4.5876096902782075
179,0.5831794775475114,2.166358955095023,0.5506806765198564,3.300219109162391
180,1.5887354381658867,4.177470876331773,0.9998390984566792,6.766045412954338
181,0.26337224673272347,1.526744493465447,0.2603379893969151,2.050454729595086
182,2.7130678768010585,6.426135753602117,0.41552942192897113,9.554733052332146
183,0.8265428505045989,2.6530857010091977,0.7355938195339756,4.215222371047772
184,0.9042894370446396,2.808578874089279,0.7859860519655374,4.498854363099456
185,0.7657122602896065,2.531424520579213,0.6930506348596827,3.990187415728502
186,1.3103228971463237,3.6206457942926473,0.9662681602825103,5.897236851721481
187,1.3990349634427766,3.798069926885553,0.985285246635052,6.182390136963382
188,-0.46083849677288147,0.07832300645423707,-0.4446992879401795,-0.827214778258824
189,-0.8515548533772095,-0.703109706754419,-0.7523056736141626,-2.306970233745791
190,-0.8732318453808454,-0.7464636907616908,-0.7664089214584962,-2.386104457601032
191,1.119587365682579,3.239174731365158,0.8999205880240391,5.2586826850717765
192,0.23784208311721894,1.475684166234438,0.23560600799563675,1.9491322573472938
193,0.49794776074679536,1.9958955214935907,0.477623520892429,2.9714668031328153
194,1.2944401057002555,3.588880211400511,0.9620560349456944,5.845376352046461
195,1.3735970371571289,3.7471940743142578,0.9806191485591529,6.101410260030539
196,0.4663282534241246,1.9326565068482493,0.4496096270851033,2.848594387357477
197,-0.4404695935596268,0.11906081288074644,-0.4263642836408119,-0.7477730643196923
198,-0.8351107647697336,-0.6702215295394671,-0.7413708500213991,-2.2467031443306
199,-1.2138149877336901,-1.4276299754673802,-0.9369559544411036,-3.578400917642174
200,0.5096212639277418,2.0192425278554835,0.4878466720515801,3.016710463834805
201,0.33755175452184194,1.6751035090436839,0.3311780001550432,2.343833263720569
202,0.5969867136600631,2.193973427320126,0.5621529411792142,3.3531130821594037
203,1.658777266845929,4.317554533691858,0.9961321730163557,6.972463973554143
204,0.7366015569978289,2.473203113995658,0.6717743793415644,3.8815790503350516
205,1.761157209600383,4.522314419200766,0.9819360152445424,7.265407644045692
206,1.129698176535396,3.259396353070792,0.9042833722445435,5.293377901850731
207,0.36155717172660495,1.72311434345321,0.35373115766464186,2.438402672844457
208,-0.8261310583521189,-0.6522621167042377,-0.7353147997554292,-2.213707974811786
209,3.0250561034898795,7.050112206979759,0.11627295319047264,10.191441263660112
210,-0.7322974589989986,-0.4645949179979971,-0.6685798811599265,-1.865472258156922
211,0.7239081407041577,2.4478162814083153,0.6623177914932776,3.834042213605751
212,0.050254205736469604,1.1005084114729393,0.050233055698595985,1.200995672908005
213,-0.9065172450761525,-0.813034490152305,-0.7873614298098617,-2.506913165038319
214,1.304949360732072,3.609898721464144,0.9648703264909284,5.879718408687143
215,0.07863930092583005,1.15727860185166,0.07855827324772696,1.3144761760252173
216,2.128903331315556,5.257806662631112,0.848259125444189,8.234969119390858
217,0.8792589981791155,2.758517996358231,0.7702665371840784,4.408043531721425
218,-1.639104220661983,-2.278208441323966,-0.99766792281251,-4.914980584798459
219,-1.1244301656721143,-1.2488603313442286,-0.9020217484435669,-3.2753122454599097
220,2.008078547890631,5.016157095781262,0.9059059296959567,7.930141573367849
221,1.2171444763137838,3.4342889526275675,0.9381142403716051,5.589547669312956
222,0.3717146723483036,1.7434293446966072,0.36321353550781776,2.4783575525527284
223,-1.5202932755228185,-2.040586551045637,-0.9987249919391891,-4.559604818507644
224,-0.6452854959151617,-0.2905709918303234,-0.6014265537289945,-1.5372830414744796
225,1.0224783870105671,3.0449567740211343,0.8534025070030863,4.920837668034788
226,1.644618662916149,4.289237325832298,0.9972763686048881,6.931132357353335
227,0.6764712478567039,2.3529424957134077,0.6260452534249412,3.655458996995053
228,-1.1386828942521279,-1.2773657885042558,-0.9080826920196264,-3.32413137477601
229,0.15369240898474762,1.3073848179694951,0.15308805267960346,1.6141652796338462
230,-1.2266510280908338,-1.4533020561816676,-0.9413641659751256,-3.621317250247627
231,2.6037898797718473,6.207579759543695,0.5122501721251267,9.323619811440668
232,1.2339191349719552,3.4678382699439103,0.943791483218545,5.64554888813441
233,-0.36053940014080943,0.27892119971838114,-0.35277900488154973,-0.434397205303978
234,-0.862217480642941,-0.724434961285882,-0.759287465927289,-2.345939907856112
235,-0.5307854247384336,-0.061570849476867195,-0.5062108552231158,-1.0985671294384165
236,-0.06625466103560362,0.8674906779287928,-0.06620619887888274,0.7350298180143064
237,0.4118002953117585,1.823600590623517,0.4002597694513361,2.6356606553866118
238,1.1587198003319257,3.3174396006638514,0.9162911232990822,5.392450524294859
239,-0.3624386321957649,0.2751227356084702,-0.3545554916650527,-0.44187138825234734
240,0.1611860166497578,1.3223720332995157,0.16048896228361825,1.6440470122328918
241,0.3778881707489381,1.7557763414978762,0.36895846260942533,2.50262297485624
242,0.7590589534750942,2.5181179069501884,0.6882390357586279,3.9654158961839108
243,1.037438961911922,3.074877923823844,0.8611049510838906,4.973421836819656
244,0.6586050091886817,2.3172100183773634,0.6120142238645025,3.5878292514305477
245,0.4154332746419036,1.8308665492838072,0.4035863892244832,2.649886213150194
246,0.5066807809106094,2.0133615618212186,0.48527773279766984,3.0053200755294975
247,2.1766658020198517,5.353331604039703,0.8220072622599923,8.352004668319548
248,-0.07419795188315503,0.8516040962336899,-0.07412988984435123,0.7032762545061837
249,-1.5395174233111075,-2.079034846622215,-0.9995108549807699,-4.618063124914093
250,2.315177208633548,5.630354417267096,0.7355075061329874,8.681039132033632
251,2.412560336022665,5.82512067204533,0.6661482307062261,8.90382923877422
252,-1.4867997640028925,-1.973599528005785,-0.9964743623563115,-4.456873654364989
253,-0.17023915203295636,0.6595216959340873,-0.16941804882732464,0.31986449507380627
254,-1.0935647198836445,-1.187129439767289,-0.8882699084619525,-3.168964068112886
255,0.6199696306020462,2.2399392612040927,0.581010443270628,3.4409193350767673
256,-0.9149423309934404,-0.8298846619868807,-0.792527419540261,-2.537354412520582
257,0.2730809324108906,1.5461618648217812,0.2696994790569242,2.088942276289596
258,1.0708903287257838,3.1417806574515676,0.8776276249393328,5.090298611116684
259,-1.7649439881374418,-2.5298879762748836,-0.9812124678815337,-5.276044432293859
260,1.2243607045358533,3.4487214090717067,0.9405889603121089,5.613671073919669
261,0.10152972765177659,1.2030594553035532,0.10135538463005311,1.405944567585383
262,0.23425189200206858,1.4685037840041373,0.23211537466632773,1.9348710506725337
263,-0.7656500937376185,-0.531300187475237,-0.693005818342732,-1.9899560995555876
264,1.816114022996827,4.632228045993654,0.9700602167923872,7.418402285782868
265,1.0558394237241906,3.111678847448381,0.8703139482294056,5.037832219401977
266,1.0296708259998062,3.0593416519996124,0.8571294777665504,4.9461419557659685
267,-0.49278894376420057,0.014422112471598858,-0.47308483139337953,-0.9514516626859812
268,0.3665499890028949,1.7330999780057899,0.3583967466751421,2.458046713683827
269,0.14127575810638615,1.2825515162127723,0.14080627682850907,1.5646335511476674
270,0.34251601178085644,1.6850320235617129,0.3358580159445155,2.3634060512870847
271,2.733617279617385,6.46723455923477,0.396751685593086,9.597603524445242
272,-0.3859517780760504,0.22809644384789918,-0.37644107293743145,-0.5342964071655827
273,0.41677844947640896,1.833556898952818,0.4048167800477106,2.6551521284769377
274,1.7582819675984915,4.516563935196983,0.9824759896015176,7.257321892396991
275,2.5408866579490224,6.081773315898045,0.5652250159756057,9.187884989822674
276,2.0364692342296387,5.072938468459277,0.8935196162293237,8.002927318918239
277,-0.3160732664584459,0.3678534670831082,-0.31083675045507464,-0.2590565498304124
278,-0.36020843146291115,0.2795831370741777,-0.35246929596572707,-0.4330945903544605
279,0.24310810088636758,1.4862162017727352,0.24072048984961275,1.9700447925087154
280,0.3098909095496265,1.619781819099253,0.30495474413039525,2.234627472779275
281,0.5624437331845219,2.124887466369044,0.5332550752141326,3.2205862747676988
282,2.2022215756496566,5.404443151299313,0.8071870100180278,8.413851736966997
283,-0.6785361184411149,-0.3570722368822299,-0.6276540763257015,-1.6632624316490463
284,0.3384236750634042,1.6768473501268084,0.33200059074356003,2.347271615933773
285,1.974766963302405,4.9495339266048095,0.9195074986859872,7.843808388593201
286,0.0312647969365048,1.0625295938730095,0.03125970369393112,1.1250540945034453
287,-0.30202831741741265,0.3959433651651747,-0.2974573230776379,-0.20354227532987584
288,0.8966449238576604,2.7932898477153207,0.7812369559961592,4.47117172756914
289,-0.5572286792368875,-0.11445735847377492,-0.5288361454338244,-1.2005221831444868
290,-1.0612190972497548,-1.1224381944995097,-0.8729508165613878,-3.056608108310652
291,1.5939554145091968,4.187910829018394,0.999731840313914,6.781598083841505
292,1.862785727046467,4.725571454092934,0.957673106232707,7.546030287372108
293,-0.054510526395809666,0.8909789472083807,-0.0544835349993636,0.7819848858132074
294,0.04609975274756095,1.092199505495122,0.04608342604841906,1.1843826842911018
295,0.30151496224909,1.60302992449818,0.29696716569820775,2.201512052445478
296,0.3516527741466212,1.7033055482932424,0.34444990934202335,2.3994082317818872
297,0.9933087698283929,2.986617539656786,0.8378368873593293,4.817763196844508
298,1.4406524976444994,3.881304995288999,0.9915432382901235,6.3135007312236215
299,1.1123129541028813,3.2246259082057627,0.8967247705586217,5.233663632867266
300,0.8238378408024094,2.647675681604819,0.7337586951601998,4.205272217567428
301,1.3079902876559097,3.6159805753118195,0.9656647963856042,5.889635659353333
302,1.620163257937703,4.240326515875406,0.9987817005107771,6.8592714743238865
303,1.4681471952858818,3.9362943905717636,0.9947362023209678,6.399177788178613
304,1.3972402298980677,3.7944804597961355,0.9849769075913158,6.176697597285519
305,-0.034110994662989946,0.9317780106740201,-0.03410438001658192,0.8635626359944483
306,-0.40166363652201975,0.1966727269559605,-0.39095011341663993,-0.5959410229826991
307,-0.6536223781028438,-0.3072447562056877,-0.6080661454398046,-1.5689332797483362
308,0.6308453690675276,2.261690738135055,0.5898276288063451,3.482363736008928
309,-0.16206159820943433,0.6758768035811313,-0.16135313260626843,0.35246207276542857
310,0.43897246694235165,1.8779449338847032,0.42500957812809764,2.7419269789551524
311,0.6857710083322608,2.3715420166645216,0.6332699069477553,3.6905829319445376
312,-0.07120694994919419,0.8575861001016116,-0.07114679023043957,0.7152323599219779
313,1.6623474712602038,4.3246949425204075,0.9958121202983881,6.982854534078999
314,-2.171507536787816,-3.343015073575632,-0.8249338268385487,-6.339456437201997
315,0.5059013673322736,2.0118027346645473,0.48459609736060333,3.0023001993574243
316,0.07227493453784417,1.1445498690756883,0.07221202761534055,1.2890368312288731
317,-0.05218389428438053,0.895632211431239,-0.05216021333693913,0.7912881038099193
318,0.4814253599469506,1.9628507198939014,0.4630429930624853,2.9073190729033374
319,0.6109471949204819,2.2218943898409638,0.5736435694413936,3.4064851542028394
320,2.4914391055470744,5.982878211094149,0.6053086357104263,9.079625952351648
321,0.3630274777048574,1.7260549554097149,0.35510602130963487,2.444188454424207
322,0.3696261283445714,1.7392522566891429,0.3612668359316745,2.4701452209653887
323,2.3351588987376024,5.670317797475205,0.7218236533662497,8.727300349579057
324,0.5357537020392986,2.0715074040785972,0.5104892807756691,3.117750386893565
325,-2.3695570236011436,-3.7391140472022872,-0.6975951957878682,-6.806266266591299
326,0.36994170500265444,1.7398834100053089,0.36156108133041537,2.4713861963383787
327,-0.27808561373072727,0.44382877253854547,-0.2745153119485236,-0.10877215314070537
328,-0.5357824059279683,-0.07156481185593666,-0.5105139625833219,-1.117861180367227
329,1.5885783794281658,4.177156758856332,0.9998419034680017,6.7655770417525
330,-0.6782439124811346,-0.35648782496226916,-0.6274265694245325,-1.6621583068679362
331,0.1791401742146746,1.358280348429349,0.17818357317595657,1.7156040958199803
332,-0.5470276390623008,-0.09405527812460157,-0.5201509131234374,-1.1612338303103398
333,1.460176557392328,3.920353114784656,0.9938878698328516,6.3744175420098355
334,0.08197680790979256,1.1639536158195851,0.081885022039268,1.3278154457686457
335,-0.5213440795860673,-0.04268815917213464,-0.498046106717018,-1.06207834547522
336,-0.5008266509039112,-0.001653301807822416,-0.4801508291314998,-0.9826307818432334
337,0.9831004947613892,2.966200989522778,0.8322204214026089,4.781521905686776
338,-0.3625986779149143,0.2748026441701714,-0.3547051354684155,-0.44250116921315835
339,0.7049561507187793,2.4099123014375587,0.6480004327934972,3.7628688849498353
340,0.9132598025654475,2.826519605130895,0.7915002313622229,4.531279639058566
341,-0.260288193512645,0.47942361297471003,-0.2573590485347064,-0.038223629072641374
342,0.5338408705915569,2.067681741183114,0.5088435344783124,3.1103661462529835
343,-0.8675033877522849,-0.7350067755045697,-0.7627166747847476,-2.365226838041602
344,0.17288304275203503,1.34576608550407,0.17202312503348138,1.6906722532895866
345,1.219046366319985,3.43809273263997,0.9387712171945387,5.5959103161544945
346,0.8228215489407854,2.645643097881571,0.7330678373229585,4.201532484145315
347,1.9577013121166669,4.915402624233334,0.9260813168020215,7.7991852531520225
348,-0.6685141368993954,-0.33702827379879086,-0.6198206502713864,-1.6253630609695726
349,-0.9923367870364259,-0.9846735740728518,-0.8373058661971702,-2.814316227306448
350,1.163262288653723,3.326524577307446,0.9181009887300434,5.407887854691213
351,0.3519019617237397,1.7038039234474796,0.3446838371133338,2.4003897222845527
352,0.5232656765667227,2.0465313531334455,0.4997115000432727,3.0695085297434406
353,1.3766209700757597,3.7532419401515194,0.981207124228467,6.1110700344557465
354,-0.41755031376773566,0.16489937246452868,-0.405522450413784,-0.658173391716991
355,0.535562394954456,2.071124789908912,0.5103247695114519,3.11701195437482
356,0.12421680276663988,1.2484336055332799,0.12389760875914292,1.4965480170590628
357,0.6729669215890958,2.3459338431781918,0.6233087878962755,3.642209552663563
358,1.8673868850602617,4.7347737701205235,0.9563384935493744,7.55849914873016
359,-0.506550317922112,-0.013100635844224051,-0.48516365704112446,-1.0048146108074605
360,1.7030735301466684,4.406147060293337,0.9912641197179602,7.100484710157966
361,0.7386557594603931,2.477311518920786,0.6732946233400551,3.8892619017212344
362,0.1910568639611066,1.382113727922213,0.18989663419500355,1.7630672260783231
363,3.2424187021929614,7.484837404385923,-0.1006553042932504,10.626600802285635
364,-0.15426280343982512,0.6914743931203498,-0.15365169870560827,0.3835598909749164
365,3.4469959636309446,7.893991927261889,-0.30067784682983284,11.040310044063
366,1.1156195073081911,3.2312390146163823,0.8981833086360882,5.2450418305606625
367,0.7558645686297861,2.5117291372595725,0.6859180531898166,3.9535117590791753
368,0.07964133218038971,1.1592826643607794,0.07955716814203757,1.3184811646832066
369,-0.03648674296865628,0.9270265140626874,-0.036478647814321544,0.8540611232797096
370,-0.4417722241602955,0.11645555167940902,-0.42754221809271653,-0.752858890573603
371,0.6590343948337445,2.318068789667489,0.6123537456789281,3.5894569301801615
372,0.0711211731227519,1.1422423462455038,0.07106123051317996,1.2844247498814356
373,1.2199253579744722,3.4398507159489444,0.9390737032884583,5.598849777211875
374,1.3573109767163567,3.7146219534327134,0.9772984200768134,6.049231350225884
375,0.30408043141313856,1.6081608628262771,0.2994159206737198,2.2116572149131355
376,0.5858158641168878,2.1716317282337756,0.5528793942480557,3.310326986598719
377,-0.12443165266123413,0.7511366946775317,-0.12411080037575281,0.5025942416405448
378,-0.07571697041887226,0.8485660591622555,-0.07564464283742653,0.6972044459059566
379,2.830896776846865,6.66179355369373,0.3057212693112798,9.798411599851875
380,2.571239358011048,6.142478716022096,0.5399294549422146,9.253647528975359
381,0.5290669667736747,2.0581339335473494,0.5047280936106889,3.091928993931713
382,1.039335172659443,3.078670345318886,0.8620674876114379,4.980073005589767
383,-0.7522052180544914,-0.5044104361089827,-0.6832506348200506,-1.9398662889835245
384,0.37219611539044717,1.7443922307808943,0.36366205673045454,2.480250402901796
385,0.4472473977044878,1.8944947954089755,0.43248531665364787,2.7742275097671114
386,-0.29090496886234896,0.4181900622753021,-0.28681928876340074,-0.1595341953504476
387,2.101299253762938,5.202598507525876,0.8625527150576614,8.166450476346474
388,0.1774012978482022,1.3548025956964045,0.17647225506638403,1.7086761486109907
389,-0.7880792201991065,-0.576158440398213,-0.7090000309971327,-2.073237691594452
390,1.228292240942952,3.456584481885904,0.9419166303472865,5.626793353176142
391,2.166935071689773,5.333870143379546,0.8275096855482601,8.32831490061758
392,0.5279871500396056,2.0559743000792112,0.5037956170996187,3.0877570672184356
393,1.3560406307917199,3.7120812615834398,0.977028486680644,6.045150379055804
394,1.7489859477348493,4.497971895469698,0.9841661917421313,7.231124034946679
395,-0.4731482562302137,0.05370348753957255,-0.4556909217670232,-0.8751356904576644
396,1.4324418051751018,3.8648836103502036,0.9904442707336056,6.287769686258911
397,0.35671292623721906,1.7134258524744381,0.34919597378714345,2.4193347524988003
398,0.2821375091692666,1.5642750183385332,0.27840928048467195,2.124821807992472
399,-0.6203054271804131,-0.2406108543608263,-0.5812837140345039,-1.4421999955757432
400,0.7865154579573678,2.5730309159147353,0.7078963862247583,4.067442760096862
401,0.8944826543014892,2.7889653086029784,0.7798853673056477,4.463333330210115
402,0.29344188876554095,1.586883777531082,0.2892486936437053,2.169574359940328
403,0.0725081461824183,1.1450162923648366,0.07244462844929873,1.2899690669965538
404,1.0677797136959302,3.1355594273918603,0.8761323297463918,5.079471470834182
405,1.1767010081274254,3.353402016254851,0.9233443153881837,5.4534473397704595
406,0.9899792252866018,2.9799584505732035,0.8360145795455135,4.805952255405319
407,2.2245224999598348,5.4490449999196695,0.7938232478692893,8.467390747748794
408,-0.3395757540898763,0.32084849182024744,-0.33308710233044303,-0.35181436460007187
409,1.29973959955327,3.59947919910654,0.9634884959348409,5.86270729459465
410,-0.8184849655963518,-0.6369699311927035,-0.7301114024123191,-2.1855662992013745
411,0.11226053143178727,1.2245210628635745,0.11202488744127032,1.4488064817366322
412,-1.0646349889652,-1.1292699779304,-0.8746120204934914,-3.068516987389091
413,0.837589567203031,2.6751791344060623,0.743032083986102,4.255800785595195
414,1.0610577827773835,3.122115565554767,0.8728721146759371,5.056045463008088
415,-1.1852310050523323,-1.3704620101046645,-0.9265859728417349,-3.4822789879987317
416,-0.6835961449426711,-0.36719228988534214,-0.6315852163389987,-1.682373651167012
417,1.6333127803375518,4.266625560675104,0.9980464828879536,6.897984823900609
418,-0.5135269111474798,-0.027053822294959673,-0.4912522965941824,-1.0318330300366219
419,0.1676380283312029,1.3352760566624058,0.16685395600855885,1.6697680410021676
420,0.26064453567389423,1.5212890713477885,0.2577033712658294,2.039636978287512
421,-1.0768876141594843,-1.1537752283189686,-0.8804865817912363,-3.1111494242696893
422,-0.9040330295688803,-0.8080660591377606,-0.785827503687988,-2.497926592394629
423,-0.8584050743722698,-0.7168101487445395,-0.7568010102028709,-2.3320162333196803
424,1.5070051490068817,4.014010298013764,0.9979660326962666,6.5189814797169126
425,-0.6069845787287984,-0.21396915745759681,-0.5703932753054104,-1.3913470114918056
426,0.9187970736949891,2.837594147389978,0.7948722875792784,4.5512635086642454
427,0.803417187619397,2.606834375238794,0.7197326754667235,4.129984238324914
428,-0.9376334847141989,-0.8752669694283979,-0.8061600980103238,-2.619060552152921
429,0.6962428642045553,2.3924857284091106,0.6413395311332297,3.7300681237468956
430,0.4100743335832907,1.8201486671665814,0.39867749976017636,2.6289005005100488
431,0.8829583543015604,2.765916708603121,0.7726204222807407,4.421495485185422
432,0.4572412645403973,1.9144825290807947,0.4414744489430735,2.8131982425642654
433,1.1104048748170459,3.2208097496340917,0.8958786445122838,5.227093268963421
434,0.9278432160262706,2.8556864320525412,0.8003286786776075,4.5838583267564195
435,-0.7205938085098835,-0.44118761701976705,-0.6598309843326485,-1.8216124098622992
436,1.8730310601270448,4.74606212025409,0.9546736953291254,7.57376687571026
437,-0.3371838261917641,0.32563234761647175,-0.33083081223883926,-0.34238229081413163
438,-1.473200854223173,-1.9464017084463459,-0.9952413408029396,-4.414843903472458
439,1.1204728299795095,3.240945659959019,0.9003063452740634,5.261724835212592
440,2.0287577365171874,5.057515473034375,0.8969556632639477,7.98322887281551
441,2.472186517473503,5.944373034947006,0.6205203941823848,9.037079946602894
442,1.7195292881693367,4.439058576338674,0.9889596280914051,7.147547492599416
443,1.0832333068527935,3.166466613705587,0.8834771433495332,5.1331770639079135
444,2.291684757816185,5.58336951563237,0.7512196147166688,8.626273888165224
445,-0.4598660338232997,0.08026793235340057,-0.44382806225490834,-0.8234261637248075
446,0.8670754836710526,2.734150967342105,0.7624398653745981,4.363666316387756
447,-0.7238736987021073,-0.44774739740421454,-0.6622919863594385,-1.8339130824657603
448,0.4075076478908063,1.8150152957816126,0.3963223042899084,2.6188452479623274
449,0.646363871721588,2.292727743443176,0.6022877485926456,3.5413793637574096
450,0.28382705546291875,1.5676541109258375,0.28003162825243777,2.131512794641194
451,0.21468365535805833,1.4293673107161167,0.2130383563830683,1.8570893224572431
452,-0.135173766612529,0.729652466774942,-0.13476249454218953,0.4597162056202235
453,0.6097923779252279,2.219584755850456,0.5726972707323784,3.4020744045080624
454,1.1906538497195736,3.381307699439147,0.928611778487215,5.500573327645935
455,0.005490226445070967,1.0109804528901418,0.005490198863508357,1.021960878198721
456,2.916921382852082,6.833842765704164,0.2227859067350534,9.9735500552913
457,0.528597294235424,2.057194588470848,0.5043225798107625,3.0901144625170343
458,-0.0507036948522358,0.8985926102955284,-0.050681972255080254,0.7972069431882123
459,-0.513294831096921,-0.026589662193841956,-0.4910501376213813,-1.030934630912144
460,0.27940185756728886,1.5588037151345777,0.27578075112406736,2.113986323825934
461,1.1598078761030552,3.3196157522061105,0.9167263691853142,5.396149997494479
462,0.449384096378685,1.89876819275737,0.4344108630158346,2.7825631521518894
463,-0.10925780823046904,0.7814843835390619,-0.10904056463411212,0.5631860106744807
464,0.14328814512292443,1.2865762902458489,0.1427983283133124,1.5726627636820858
465,0.7535038001290435,2.507007600258087,0.6841982622267916,3.9447096626139224
466,-0.2482514695461313,0.5034970609077374,-0.24570940904007924,0.009536182321526837
467,0.9170195468584277,2.8340390937168554,0.7937924704183884,4.544851110993672
468,-1.7184031486283562,-2.4368062972567124,-0.9891258781767444,-5.144335324061813
469,0.2849745715581222,1.5699491431162444,0.28113304850384074,2.1360567631782073
470,0.8138713695301489,2.627742739060298,0.7269510433058919,4.168565151896338
471,2.1902210449962727,5.380442089992545,0.8142125809201274,8.384875715908946
472,1.1931582931225626,3.386316586245125,0.929538145965527,5.509013025333214
473,-0.22695552395273544,0.5460889520945291,-0.22501216755469933,0.09412126058709436
474,-0.31530846484706576,0.3693830703058685,-0.31010974374295863,-0.2560351382841559
475,-0.707059518076629,-0.41411903615325807,-0.6496010068305393,-1.7707795610604264
476,0.7423354074029234,2.4846708148058467,0.6760106961739427,3.9030169183827126
477,-0.3898078317961854,0.22038433640762922,-0.38001066999161426,-0.5494341653801704
478,-0.32481843709097746,0.3503631258180451,-0.3191367223722997,-0.29359203364523206
479,-0.5717909818399334,-0.14358196367986675,-0.5411390118194653,-1.2565119573392654
480,-0.17142570274955693,0.6571485945008861,-0.1705873275606868,0.31513556419064237
481,-0.2342679529570041,0.5314640940859918,-0.23213099693871367,0.06506514419027407
482,-0.06446221358300275,0.8710755728339945,-0.0644175787246779,0.7421957805263139
483,0.454125556804161,1.908251113608322,0.43867666764416113,2.8010533380566445
484,1.8670355724372525,4.734071144874505,0.9564411096262398,7.557547826937998
485,0.425876514660296,1.8517530293205922,0.41311916205823423,2.6907487060391224
486,0.7458934707283975,2.491786941456795,0.6786283192828875,3.9163087314680802
487,1.3992772721782,3.7985545443564,0.9853266326485086,6.183158449183109
488,-0.3187641494575928,0.3624717010848144,-0.3133932075855282,-0.26968565595830657
489,1.8002272057793716,4.600454411558744,0.9737959841134316,7.374477601451547
490,-0.8149555956797279,-0.6299111913594557,-0.7276951423623087,-2.172561929401492
491,0.24103115196890795,1.4820623039378158,0.23870409694333738,1.961797552850061
492,-0.06076972293894134,0.8784605541221173,-0.060732326493287796,0.7569585046898882
493,0.9667269800954741,2.933453960190948,0.8230310616685756,4.723212001954998
494,0.003001515351669537,1.0060030307033392,0.0030015108448490395,1.012006056899858
495,0.5679630207125007,2.1359260414250016,0.5379159955283044,3.2418050576658066
496,1.1905114689798273,3.3810229379596546,0.928558938305688,5.50009334524517
497,1.6554686196611599,4.310937239322319,0.9964174425759623,6.962823301559442
498,0.5261929485500828,2.052385897100166,0.5022449347258152,3.080823780376064
499,0.0993051901561644,1.1986103803123287,0.09914205391593571,1.3970576243844288
500,0.617451291813511,2.234902583627022,0.5789589369217621,3.4313128123622954
501,-0.0881520864766947,0.8236958270466106,-0.08803796226366327,0.6475057783062527
502,0.4293610374438079,1.8587220748876159,0.4162899222912534,2.704373034622677
503,-0.34144864064093083,0.31710271871813833,-0.3348524544648284,-0.3591983763876209
504,0.8243842055162472,2.6487684110324947,0.7341297913653433,4.207282407914086
505,-1.1975165077950538,-1.3950330155901076,-0.9311362999507672,-3.5236858233359287
506,0.5411359970786103,2.0822719941572205,0.515110014256397,3.1385180054922275
507,0.9154392388310618,2.8308784776621234,0.7928303541109412,4.539148070604126
508,0.3577594591463309,1.7155189182926618,0.35017643574918444,2.4234548131881772
509,0.180388066724937,1.360776133449874,0.17941135693540233,1.7205755571102135
510,2.9311969245712737,6.862393849142547,0.20884691872740171,10.002437692441221
511,1.0730767911326695,3.146153582265339,0.8786735918453568,5.097903965243366
512,0.9698274297041135,2.9396548594082272,0.82478814714882,4.734270436261161
513,-0.741324492657049,-0.48264898531409806,-0.6752654160805865,-1.8992388940517335
514,0.8307093470805231,2.6614186941610463,0.7384099065662718,4.230537947807841
515,1.0774587070055524,3.1549174140111047,0.880757176789007,5.113133297805664
516,1.1537776907020125,3.307555381404025,0.9143005628023175,5.375633634908355
517,0.3651248418271861,1.7302496836543722,0.3570659094121568,2.452440434893715
518,0.05697293277215265,1.1139458655443053,0.05694211622380763,1.2278609145402657
519,0.0943223821611982,1.1886447643223965,0.09418258452129484,1.3771497310048897
520,-0.07854002758284806,0.8429199448343039,-0.07845930631975444,0.6859206109317014
521,0.42551444759148493,1.8510288951829699,0.4127894088430191,2.689332751617474
522,-1.4051043061033288,-1.8102086122066576,-0.9863044531495018,-4.201617371459488
523,-1.2647134397058557,-1.5294268794117114,-0.9535212097673083,-3.7476615288848754
524,0.9780393836334599,2.95607876726692,0.8294036674476268,4.763521818348007
525,0.03381409284627429,1.0676281856925485,0.03380764941584802,1.1352499279546708
526,0.22536289584182295,1.450725791683646,0.22346009616125326,1.8995487836867222
527,0.5939706163131608,2.1879412326263217,0.5596559751281746,3.3415678240676567
528,0.18108581445596428,1.3621716289119286,0.18009773938264917,1.723355182750542
529,1.5730820136977184,4.146164027395437,0.9999973878188284,6.719243428911984
530,-0.8307665989623425,-0.661533197924685,-0.7384485132851522,-2.2307483101721797
531,0.6861006783004845,2.3722013566009688,0.6335250143455569,3.69182704924701
532,1.413769974187125,3.82753994837425,0.9876966740327422,6.229006596594117
533,0.5933239192723051,2.1866478385446104,0.5591199241065887,3.339091681923504
534,-0.2968626730849725,0.406274653830055,-0.29252155432298427,-0.18310957357790175
535,-0.3679385111684621,0.2641229776630758,-0.359692682531153,-0.4635082160365393
536,-0.06000458506828521,0.8799908298634296,-0.059968583296452216,0.7600176614986922
537,0.9996464248487523,2.999292849697505,0.84127989474395,4.840219169290207
538,0.7098580095163425,2.419716019032685,0.651726084281432,3.7813001128304595
539,-1.114511159784863,-1.2290223195697259,-0.8976955040579582,-3.241228983412547
540,-0.7363932482148003,-0.4727864964296007,-0.671620058824519,-1.88079980346892
541,-0.15872716665885278,0.6825456666822944,-0.15806150209590125,0.3657569979275404
542,-0.2895819009823499,0.42083619803530015,-0.2855515593002922,-0.15429726224734197
543,0.5174126534729457,2.0348253069458915,0.49463312826144074,3.046871088680278
544,1.214366626607591,3.428733253215182,0.9371485806838317,5.5802484605066045
545,0.5042749902442205,2.008549980488441,0.4831728031935199,2.9959977739261814
546,1.0197270170301214,3.0394540340602427,0.8519651202100136,4.911146171300378
547,2.2358536184929205,5.471707236985841,0.7868814314714893,8.494442286950251
548,0.3207190197692502,1.6414380395385004,0.31524899827479264,2.277406057582543
549,1.2165858017731686,3.433171603546337,0.9379206104830897,5.587678015802595
550,1.1666006281090358,3.3332012562180715,0.9194190096544363,5.419220893981544
551,1.015798867613672,3.031597735227344,0.8499017791345188,4.897298381975535
552,-0.481924472308343,0.03615105538331398,-0.4634853165333912,-0.9092587334584202
553,0.6231839564494936,2.2463679128989873,0.5836235645778225,3.453175433926303
554,0.6583179637733727,2.3166359275467454,0.6117871897189271,3.5867410810390457
555,0.01087196579893529,1.0217439315978707,0.010871751623126544,1.0434876490199325
556,0.5677701580094151,2.1355403160188304,0.5377534025659466,3.2410638765941924
557,-0.33576294492978254,0.3284741101404349,-0.3294896071755789,-0.3367784419649265
558,1.1122683992044342,3.2245367984088684,0.8967050501775832,5.2335102477908855
559,-0.592274244300437,-0.18454848860087392,-0.5582493445861518,-1.3350720774874627
560,-2.0984777885217167,-3.1969555770434335,-0.8639768488042731,-6.159410214369424
561,2.8454432853582525,6.690886570716505,0.29183937582723624,9.828169231901994
562,1.1772516357775853,3.3545032715551706,0.9235556015610001,5.455310508893756
563,0.42886117637934945,1.857722352758699,0.41583538066301734,2.702418909801066
564,2.737399776183464,6.474799552366928,0.39327680379953517,9.605476132349928
565,-0.6498727811462446,-0.29974556229248916,-0.605085123970607,-1.5547034674093407
566,1.5250716967728213,4.050143393545643,0.9989548112253643,6.574169901543828
567,0.05738235941051084,1.1147647188210217,0.05735087377580814,1.2294979520073408
568,-1.4463688247100708,-1.8927376494201416,-0.9922688806520634,-4.331375354782276
569,-0.021130315777047826,0.9577393684459043,-0.021128743398840015,0.9154803092700166
570,-0.5511843105997118,-0.10236862119942369,-0.5236965159643119,-1.1772494477634474
571,0.003939297513530171,1.0078785950270603,0.003939287325158997,1.0157571798657494
572,0.5167236458887637,2.0334472917775273,0.4940341931168502,3.044205130783141
573,-0.716470785245733,-0.4329415704914661,-0.6567272871763655,-1.8061396429135645
574,1.1594602899393642,3.3189205798787285,0.916587447694213,5.394968317512306
575,0.45451427716449994,1.9090285543289998,0.4390259560889434,2.802568787582443
576,-0.3744197046923927,0.25116059061521456,-0.3657324982398759,-0.48899161231705407
577,-0.4401383872657417,0.11972322546851655,-0.4260646670958574,-0.7464798288930825
578,1.7577233619544528,4.515446723908905,0.9825799543631561,7.255750040226514
579,1.6742727117232972,4.348545423446595,0.9946510941600247,7.017469229329917
580,0.26628605477087586,1.5325721095417517,0.2631502130318173,2.062008377344445
581,0.3506644967951872,1.7013289935903744,0.34352194186239965,2.395515432247961
582,2.0312196242512055,5.062439248502411,0.8958644951490535,7.98952336790267
583,0.8292766342638445,2.658553268527689,0.7374429960873055,4.225272898878839
584,0.9911687371531686,2.982337474306337,0.8366666816968295,4.810172893156335
585,0.051116226399113174,1.1022324527982263,0.05109396930989224,1.2044426485072317
586,0.7356213128984296,2.471242625796859,0.6710479351905092,3.8779118738857976
587,0.38785471993947784,1.7757094398789557,0.3782033528249295,2.541767512643363
588,0.7820309516931667,2.5640619033863334,0.7047217988309635,4.0508146539104635
589,-0.9030658807242686,-0.8061317614485373,-0.785229007175046,-2.4944266493478517
590,0.7116973194503358,2.4233946389006715,0.6531200138344576,3.788211972185465
591,0.15146148988425095,1.302922979768502,0.1508830512910445,1.6052675209437974
592,-0.19148398971041425,0.6170320205791715,-0.1903159706672245,0.23523206020153276
593,0.853619222738994,2.707238445477988,0.7536641055140972,4.314521773731079
594,-0.4052156536312539,0.18956869273749222,-0.3942169589764726,-0.6098639198702343
595,1.4126332681155884,3.825266536231177,0.987518275781497,6.225418080128263
596,-0.24665596186155314,0.5066880762768937,-0.2441625018948889,0.015869612520451687
597,0.11457121545677995,1.22914243091356,0.1143207255294428,1.4580343718997826
598,-1.3373960689142956,-1.6747921378285913,-0.9728855854880408,-3.985073792230928
599,0.8805244694350047,2.7610489388700095,0.7710729391813889,4.412646347486403
600,0.9943423303445541,2.988684660689108,0.8384006817735938,4.821427672807256
601,0.5918647140578185,2.1837294281156368,0.5579095215029038,3.333503663676359
602,0.48147160385144855,1.9629432077028972,0.4630839801963953,2.907498791750741
603,0.2198808914134348,1.4397617828268696,0.21811338376732578,1.87775605800763
604,0.5053182417570317,2.0106364835140633,0.48408593288222934,3.000040658153324
605,-0.6877640480506955,-0.37552809610139093,-0.6348111234511006,-1.6981032676031869
606,-0.32144645325088694,0.3571070934982261,-0.31593925572141085,-0.2802786154740717
607,0.6044823391456133,2.2089646782912267,0.5683362229329509,3.381783240369791
608,0.3782143656785339,1.756428731357068,0.3692616235098534,2.503904720545455
609,-1.1013053812045608,-1.2026107624091216,-0.8917987164271283,-3.1957148600408107
610,0.27736335741642243,1.554726714832845,0.2738207312105844,2.1059108034598517
611,0.5683886115757488,2.1367772231514977,0.538274719238566,3.2434405539658124
612,2.740971995826767,6.481943991653534,0.3899899309229997,9.6129059184033
613,2.2113597920654,5.4227195841308,0.8017591316812527,8.435838507877452
614,1.482433911262743,3.964867822525486,0.9960985812479672,6.443400315036196
615,0.4239726949682793,1.8479453899365585,0.4113846496610794,2.6833027345659173
616,0.08308074508396107,1.166161490167922,0.08298520183342492,1.332227437085308
617,2.1270625225975284,5.254125045195057,0.8492325457510556,8.23042011354364
618,1.4657209710441266,3.931441942088253,0.9944846621020041,6.391647575234384
619,-0.042314190259537754,0.9153716194809245,-0.042301564195929175,0.8307558650254576
620,-0.8030152654491485,-0.606030530898297,-0.7194535823493133,-2.128499378696759
621,1.7831656612168616,4.566331322433723,0.9775342587628694,7.3270312424134545
622,1.399651755340905,3.79930351068181,0.9853904800850364,6.184345746107751
623,0.03304159301817683,1.0660831860363538,0.033035581170401965,1.1321603602249326
624,0.9911269522011077,2.9822539044022154,0.836643794830414,4.8100246514337375
625,-0.7131943445535718,-0.42638868910714356,-0.65425291043001,-1.7938359440907252
626,1.6950399858930074,4.390079971786015,0.9922916800265319,7.077411637705555
627,2.077367343181062,5.154734686362124,0.8744133253168074,8.106515354859994
628,0.6623122859817727,2.3246245719635454,0.6149418992433286,3.601878757188647
629,0.1382698913081712,1.2765397826163425,0.13782972535158983,1.5526393992761036
630,0.3275542560436856,1.6551085120873712,0.3217282841997773,2.304391052330834
631,-1.2225017676626515,-1.445003535325303,-0.9399561384023487,-3.6074614413903032
632,0.11030041103279214,1.2206008220655842,0.11007689125705131,1.4409781243554276
633,1.82472094208389,4.64944188416778,0.9679339969640025,7.442096823215673
634,1.121257962836663,3.242515925673326,0.9006478021668524,5.2644216906768415
635,0.4372093390534485,1.874418678106897,0.4234129546481344,2.7350409718084796
636,-1.759264308632634,-2.518528617265268,-0.9822924178404444,-5.260085343738346
637,0.9913213639039928,2.9826427278079857,0.8367502675141529,4.810714359226131
638,1.1438231692216965,3.287646338443393,0.9102233861127517,5.341692893777841
639,0.954196869052047,2.908393738104094,0.815849581757253,4.678440188913394
640,-2.2791356595730434,-3.558271319146087,-0.7594433087597205,-6.596850287478851
641,0.3638198778331152,1.7276397556662304,0.35584666601609644,2.4473062995154424
642,0.8030001399631347,2.6060002799262696,0.7194430770039968,4.128443496893401
643,0.3429381741171742,1.6858763482343484,0.3362556260385977,2.3650701483901204
644,1.220577121014721,3.441154242029442,0.9392975250975963,5.60102888814176
645,1.7217446994056946,4.443489398811389,0.9886289102698748,7.153863008486958
646,1.5556895722057722,4.111379144411544,0.999885895152944,6.666954611770261
647,-0.4587301260649761,0.08253974787004781,-0.44280987560948865,-0.819000253804417
648,1.4914961316045388,3.9829922632090775,0.9968573869050247,6.471345781718641
649,-1.2862543766938082,-1.5725087533876163,-0.959790336121877,-3.8185534662033014
650,2.046884721682309,5.093769443364618,0.8887944301641646,8.029448595211091
651,-1.0312018232578728,-1.0624036465157456,-0.8579170911688196,-2.951522560942438
652,0.4804166260694575,1.9608332521389151,0.46214868066191195,2.9033985588702844
653,1.2360049464554526,3.472009892910905,0.9444788767933763,5.652493716159734
654,0.0670737234456874,1.1341474468913748,0.06702344193647032,1.2682446122735325
655,0.6449546607895361,2.2899093215790725,0.6011622073436134,3.536026189712222
656,-1.1642985836085715,-1.328597167217143,-0.9185112275918014,-3.411406978417516
657,-2.385620388975492,-3.7712407779509842,-0.6859964172957943,-6.842857584222271
658,0.6362690586691435,2.272538117338287,0.5941987196381989,3.503005895645629
659,0.11762878276970706,1.2352575655394142,0.1173577080002847,1.4702440563094061
660,-0.17619734741886328,0.6476053051622734,-0.17528707228726173,0.29612088545614845
661,-0.08239441096751654,0.8352111780649669,-0.08230121554305263,0.6705155515543978
662,0.13354674168484548,1.267093483369691,0.13315013379052695,1.5337903588450634
663,1.1378383403314363,3.2756766806628725,0.9077286767038886,5.321243697698197
664,0.655910842817403,2.311821685634806,0.6098813325489159,3.577613861001125
665,0.21236106186948112,1.4247221237389622,0.2107685081591745,1.847851693767618
666,1.1660341354306616,3.332068270861323,0.9191960722397866,5.417298478531771
667,-0.1329226791627539,0.7341546416744922,-0.13253160210870524,0.46870036040303303
668,-0.31248188599871285,0.3750362280025743,-0.30742127782690815,-0.2448669358230467
669,0.20134048251303227,1.4026809650260645,0.1999829140170417,1.8040043615561385
670,0.06356144271873398,1.127122885437468,0.06351865272141391,1.2542029808776158
671,1.4781221835763152,3.9562443671526304,0.9957088241378503,6.430075374866796
672,1.7187764373801424,4.437552874760285,0.9890709091635321,7.145400221303959
673,-0.19414444451641533,0.6117111109671693,-0.19292712343533355,0.22463954301542047
674,0.5677066446916024,2.1354132893832047,0.5376998532649401,3.240819787339747
675,2.553682391039296,6.107364782078592,0.5546233615066213,9.21567053462451
676,0.868502843511121,2.7370056870222417,0.7633626745238418,4.3688712050572045
677,-0.458998278643424,0.08200344271315196,-0.4430502894533642,-0.8200451253836363
678,-0.8354325526906607,-0.6708651053813215,-0.7415867620820298,-2.247884420154012
679,0.7777019257145148,2.5554038514290296,0.7016438314578715,4.034749608601416
680,-1.1734726619687026,-1.3469453239374052,-0.9220999080934997,-3.4425178939996077
681,-0.8548428568388904,-0.7096857136777808,-0.7544677865673347,-2.3189963570840058
682,-0.18782214618124626,0.6243557076375075,-0.18671978711049184,0.24981377434576937
683,2.5444469623858637,6.088893924771727,0.5622844137966778,9.19562530095427
684,-0.018519364123376514,0.962961271753247,-0.018518305553540775,0.9259236020763297
685,1.8876399443511995,4.775279888702399,0.950223580309371,7.61314341336297
686,-0.19961028331027952,0.600779433379441,-0.19828736741544836,0.20288178265371307
687,1.217513825027273,3.435027650054546,0.9382420914291847,5.5907835665110035
688,-0.00041562912122550255,0.999168741757549,-0.0004156291092590161,0.9983374835270645
689,0.9970607577487427,2.9941215154974854,0.8398792729363305,4.831061546182559
690,1.1454765792007373,3.2909531584014746,0.9109068478066685,5.34733658540888
691,1.1037695628854127,3.2075391257708254,0.8929108832718367,5.204219571928075
692,-0.26272853168779453,0.47454293662441094,-0.25971641733145207,-0.04790201239483566
693,0.602656738885385,2.20531347777077,0.5668331793412719,3.374803395997427
694,0.5733773547273555,2.146754709454711,0.5424723639065634,3.26260442808863
695,0.42449296965213784,1.8489859393042756,0.4118588044778656,2.6853377134342793
696,1.3702674765386038,3.7405349530772076,0.9799613744658527,6.090763804081663
697,1.2486038342299794,3.497207668459959,0.9485434522920367,5.694354954981975
698,0.8107277945998892,2.6214555891997784,0.7247887957399661,4.156972179539634
699,1.063086654953711,3.126173309907422,0.8738603037286381,5.063120268589771
700,0.5120336360739695,2.024067272147939,0.489951080902615,3.0260519891245234
701,1.0668223864287134,3.133644772857427,0.8756704289330632,5.076137588219204
702,0.010560711918742582,1.021121423837485,0.010560515616204266,1.0422426513724319
703,0.9378979659465654,2.8757959318931308,0.806316562689057,4.6200104605287535
704,-0.9000943413374838,-0.8001886826749676,-0.7833855496572788,-2.48366857366973
705,0.33095094532589775,1.6619018906517955,0.32494251628839826,2.3177953522660917
706,2.0481626889854914,5.096325377970983,0.8882080043517457,8.03269607130822
707,0.7216196523706899,2.44323930474138,0.6606014704975183,3.8254604276095883
708,-1.8485762558428362,-2.6971525116856725,-0.961666598571381,-5.50739536609989
709,-0.8018221726936081,-0.6036443453872162,-0.7186244192150506,-2.124090937295875
710,0.7965271002122979,2.5930542004245956,0.7149321771569637,4.104513477793857
711,-0.8396807099744859,-0.6793614199489717,-0.7444299677950494,-2.263472097718507
712,1.10137525728116,3.20275051456232,0.8918303284488636,5.195956100292343
713,0.7658413915596558,2.5316827831193116,0.6931437183813947,3.990667893060362
714,-0.2597584080445774,0.4804831839108452,-0.25684707234743975,-0.036122296481171934
715,-1.6232997912300813,-2.2465995824601626,-0.9986220097037063,-4.86852138339395
716,1.2916615016073394,3.583323003214679,0.9612941745391879,5.8362786793612065
717,0.07289071051779661,1.1457814210355932,0.07282618226170631,1.291498313815096
718,0.5573190644267437,2.1146381288534872,0.5289128553482774,3.2008700486285084
719,1.280783215425437,3.561566430850874,0.9582401262050613,5.800589772481373
720,1.8742629972672986,4.748525994534598,0.9543062794854865,7.577095271287383
721,-0.1981353101229658,0.6037293797540684,-0.1968414662342899,0.20875260339681265
722,0.865925309035048,2.731850618070096,0.7616951302816132,4.359471057386758
723,0.23416686908291673,1.4683337381658335,0.23203267303209402,1.9345332802808441
724,-0.6851603955348211,-0.3703207910696422,-0.6327972167347846,-1.688278403339248
725,-0.05509175718571635,0.8898164856285673,-0.05506389323347715,0.7796608352093738
726,-0.4894426939286096,0.021114612142780764,-0.47013408565166287,-0.9384621674374918
727,0.38142282167742425,1.7628456433548485,0.3722414176920908,2.5165098827243635
728,1.455075204369453,3.910150408738906,0.9933117796197903,6.35853739272815
729,-0.13307290006417494,0.7338541998716501,-0.13268049638261042,0.46810080342486476
730,0.5400138294671282,2.0800276589342563,0.5141478532579619,3.1341893416593467
731,-0.15298829799742486,0.6940234040051503,-0.15239220347294893,0.3886429025347765
732,0.5593184593943762,2.118636918788752,0.5306086358367571,3.2085640140198852
733,1.5101856529068425,4.0203713058136845,0.9981637353587367,6.528720694079263
734,-1.2185935096003488,-1.4371870192006977,-0.9386150931651716,-3.594395621966218
735,1.4480741038373923,3.8961482076747846,0.9924790743365344,6.336701385848712
736,2.324897620623412,5.649795241246824,0.7288871221530222,8.703579984023259
737,1.204256466851378,3.408512933702756,0.9335730019791924,5.546342402533327
738,0.5347069567533846,2.0694139135067693,0.5095889216290875,3.1137097918892414
739,1.250981065918681,3.501962131837362,0.9492935146348792,5.702236712390922
740,1.255481361412364,3.510962722824728,0.950698750291274,5.7171428345283655
741,1.242232414788921,3.484464829577842,0.9465067221366148,5.673203966503378
742,2.223441630083965,5.44688326016793,0.7944801134784395,8.464805003730334
743,1.7414905050853045,4.482981010170609,0.9854670867366421,7.2099386019925555
744,2.8942454740001913,6.7884909480003826,0.24483274107436373,9.927569163074937
745,0.17916551151244492,1.3583310230248897,0.17820850495042517,1.7157050394877598
746,-1.8114689767795298,-2.6229379535590596,-0.9711778644512621,-5.405584794789851
747,0.19824152988475852,1.396483059769517,0.19694560673090086,1.7916701963851762
748,-0.4214162835847354,0.15716743283052925,-0.40905323654985265,-0.6733020873040587
749,0.6441932171180675,2.288386434236135,0.6005535429114484,3.533133194265651
750,0.7694799151372065,2.538959830274413,0.6957617700238822,4.0042015154355015
751,-1.2980135062989613,-1.5960270125979226,-0.9630248998531609,-3.857065418750045
752,0.42315429442418107,1.8463085888483621,0.41063857111715557,2.6801014543896984
753,0.14507586617630813,1.2901517323526162,0.1445674993241414,1.5797950978530657
754,1.0822860384657895,3.164572076931579,0.8830329761746514,5.12989109157202
755,0.4007201852503868,1.8014403705007735,0.39008157580471897,2.5922421315558792
756,-0.6528270553025866,-0.3056541106051731,-0.6074345572657798,-1.5659157231735394
757,-0.7990401983229511,-0.5980803966459023,-0.7166870603130521,-2.1138076552819056
758,0.2967170853560686,1.593434170712137,0.29238233165757327,2.182533587725779
759,1.3318664214305067,3.6637328428610134,0.9715917829681614,5.967191047259682
760,1.4056488462534285,3.811297692506857,0.9863941205961725,6.203340659356458
761,0.1227387018643632,1.2454774037287264,0.1224307618022092,1.4906468673952988
762,-1.6768753895897857,-2.3537507791795713,-0.9943788902720876,-5.025005059041445
763,0.8650136056322963,2.7300272112645927,0.7611040887198282,4.356144905616717
764,0.6368913900319242,2.2737827800638484,0.5946991570263024,3.505373327122075
765,0.21400128445561917,1.4280025689112383,0.21237160055175153,1.854375453918609
766,0.050462352064693405,1.1009247041293868,0.05044093815722361,1.2018279943513037
767,-0.39125926071518025,0.2174814785696395,-0.38135281502005264,-0.5551305971655933
768,-1.385274536021306,-1.7705490720426118,-0.9828401352206914,-4.138663743284609
769,0.48117916761742136,1.9623583352348426,0.46282476995164157,2.9063622728039054
770,-0.1999148077880879,0.6001703844238242,-0.1985858360346323,0.201669740601104
771,1.1554657815635831,3.3109315631271663,0.9149829979953833,5.381380342686133
772,0.7589924738813881,2.517984947762776,0.6881908043564651,3.965168226000629
773,-0.45509850446655675,0.0898029910668865,-0.43955079439703965,-0.8048463077967098
774,0.6522938667381503,2.3045877334763007,0.6070109220892025,3.5638925223036537
775,1.2253802407629617,3.4507604815259234,0.9409346522340643,5.617075374522949
776,-0.4612022696984456,0.07759546060310885,-0.44502508261908513,-0.8286318917144219
777,-0.05144620292022428,0.8971075941595514,-0.05142351204456415,0.794237879194763
778,-0.25919833835576744,0.4816033232884651,-0.2563057515884259,-0.03390076665572822
779,1.4512838387328513,3.9025676774657025,0.9928668790023625,6.3467183952009165
780,0.12906505148549902,1.258130102970998,0.1287070267767322,1.5159021812332292
781,0.10728977352680014,1.2145795470536003,0.1070840548266154,1.4289533754070158
782,-0.1792998414102368,0.6414003171795264,-0.178340682987495,0.2837597927817946
783,1.2048794987613594,3.4097589975227187,0.9337961074909141,5.548434603774992
784,0.550028216126417,2.100056432252834,0.5227112836622753,3.172795932041526
785,-1.4094591003970174,-1.8189182007940348,-0.9870133562604076,-4.21539065745146
786,0.11839058711883887,1.2367811742376777,0.11811421393180367,1.4732859752883203
787,1.0476396213183898,3.0952792426367797,0.8662463542161997,5.009165218171369
788,-0.753229205249573,-0.5064584104991461,-0.6839979754715093,-1.9436855912202284
789,-0.1763030567125914,0.6473938865748172,-0.17539114394303262,0.2956996859191932
790,1.1491737410517915,3.298347482103583,0.9124261123219536,5.359947335477328
791,0.7685978028998779,2.537195605799756,0.6951279023427819,4.000921311042416
792,1.2865849715665532,3.5731699431331063,0.9598830875525509,5.81963800225221
793,1.9365036766890105,4.873007353378021,0.9338710394485356,7.743382069515568
794,0.12689061419069342,1.2537812283813867,0.1265503724373539,1.5072222150094339
795,-0.785764918700268,-0.571529837400536,-0.7073660687861212,-2.064660824886925
796,1.3288847978290481,3.6577695956580962,0.9708818250668158,5.957536218553961
797,-0.20889539280759228,0.5822092143848154,-0.20737943290610034,0.1659343886711228
798,0.2781713807610918,1.5563427615221836,0.2745977830338199,2.1091119253170953
799,1.0945625551597367,3.1891251103194733,0.888727793725274,5.172415459204484
800,-0.11623757923392775,0.7675248415321445,-0.11597600496285854,0.5353112573353582
801,-1.178412493571604,-1.356824987143208,-0.9240001269696012,-3.459237607684414
802,0.20210530500167184,1.4042106100033438,0.20073222805735227,1.807048143062368
803,0.27944853323601543,1.558897066472031,0.27582561643637205,2.1141712161444186
804,-0.09709513484918675,0.8058097303016265,-0.09694264657816655,0.6117719488742732
805,1.1206585805718554,3.241317161143711,0.900387178950838,5.262362920666405
806,0.23361699464828573,1.4672339892965716,0.23149777072270045,1.9323487546675577
807,-0.8862922171023746,-0.7725844342047492,-0.7747326882756876,-2.4336093395828113
808,1.3652742584648732,3.7305485169297463,0.9789545751329664,6.074777350527586
809,-0.03780890781956192,0.9243821843608762,-0.037799900405972725,0.8487733761353415
810,1.6126006004605191,4.225201200921038,0.9991263285982451,6.836928129979802
811,0.17247415361453255,1.344948307229065,0.17162031687342666,1.6890427777170245
812,0.2833965649718383,1.5667931299436766,0.2796183354172241,2.1298080303327387
813,1.945971235032039,4.891942470064079,0.9304435435968055,7.768357248692923
814,1.3493628116953438,3.6987256233906876,0.9755836112602506,6.023672046346282
815,-1.0870158022430831,-1.1740316044861663,-0.8852428208067166,-3.146290227535966
816,1.4095194164457954,3.8190388328915907,0.9870230435271314,6.215581292864517
817,-1.3597021202925976,-1.7194042405851953,-0.9778022310995678,-4.05690859197736
818,-0.1371444262627144,0.7257111474745712,-0.13671491475618894,0.4518518064556679
819,-0.618055851175705,-0.2361117023514101,-0.5794517626162311,-1.4336193161433464
820,0.5889742237090384,2.1779484474180766,0.5555083711082078,3.3224310422353227
821,0.19866165937494862,1.3973233187498972,0.19735749034642808,1.793342468471274
822,0.09965361720078991,1.1993072344015798,0.09948875833666672,1.3984496099390364
823,-0.19457159370280586,0.6108568125943883,-0.19334623019462,0.22293898869696244
824,1.2674656227061258,3.5349312454122517,0.9543469015342173,5.756743769652594
825,-0.3985573175604652,0.2028853648790696,-0.388089138993328,-0.5837610916747236
826,-1.5461385944909058,-2.0922771889818117,-0.9996960135213575,-4.638111796994075
827,0.42377816423372494,1.8475563284674499,0.41120733453877384,2.6825418272399486
828,0.5890296906363037,2.1780593812726075,0.5555544916106903,3.3226435635196014
829,-2.220867988209911,-3.441735976419822,-0.7960404279908226,-6.458644392620556
830,0.8771631601836203,2.7543263203672406,0.7689282842682071,4.400417764819068
831,1.3422755593872913,3.6845511187745825,0.9740025614118634,6.000829239573737
832,0.41133097279294,1.82266194558588,0.399829637421149,2.633822555799969
833,3.7408778866394825,8.481755773278966,-0.5640524065892178,11.658581253329231
834,0.7264638112934658,2.4529276225869316,0.6642303937146355,3.8436218275950327
835,1.3323625050874075,3.664725010174815,0.9717090680891848,5.968796583351407
836,1.0045812479994218,3.0091624959988437,0.843937404696455,4.85768114869472
837,0.6216728925109906,2.2433457850219813,0.5823958780438487,3.4474145555768207
838,0.8394111293261232,2.6788222586522465,0.744249941600086,4.262483329578456
839,-0.07198978671999456,0.8560204265600109,-0.07192762129995382,0.7121030185400625
840,1.5847852651200454,4.16957053024009,0.999902156397871,6.754257951758007
841,0.35936624386008853,1.718732487720177,0.35168103221155045,2.429779763791816
842,0.6600741999789819,2.3201483999579637,0.6131754676925536,3.5933980676294994
843,-0.2901641360867151,0.4196717278265698,-0.2861095036521046,-0.15660191191224987
844,1.6902743538023706,4.380548707604741,0.9928709871418744,7.063694048548985
845,-0.7669914095721515,-0.533982819144303,-0.6939721921449615,-1.994946420861416
846,-1.630432224215701,-2.260864448431402,-0.9982223068180743,-4.889518979465177
847,0.4100115618873401,1.8200231237746802,0.3986199316054108,2.628654617267431
848,2.3913667720194027,5.7827335440388055,0.681804017663216,8.855904333721424
849,0.31865319704936523,1.6373063940987305,0.3132878426480159,2.269247433796112
850,-0.1608066031433335,0.678386793713333,-0.16011445533095733,0.3574657352390421
851,-1.067080870618694,-1.134161741237388,-0.8757952240727044,-3.0770378359287864
852,0.2286634634471959,1.4573269268943918,0.2266759795739544,1.9126663699155422
853,0.17552319619359003,1.35104639238718,0.1746233189172929,1.7011929074980632
854,-0.55027066773717,-0.10054133547434008,-0.5229179606648088,-1.173729963876319
855,0.323876803499209,1.647753606998418,0.31824418668569004,2.289874597183317
856,1.0830562214063306,3.1661124428126612,0.8833941695229602,5.132562833741952
857,0.3765949248346185,1.753189849669237,0.3677561523126107,2.497540926816466
858,-0.45087016815273295,0.0982596636945341,-0.43574890972770186,-0.7883594141859007
859,0.36861916860274896,1.7372383372054978,0.36032770075756637,2.466185206565813
860,0.4661636664122257,1.9323273328244515,0.44946260773631524,2.8479536069729923
861,-0.7896908442107033,-0.5793816884214067,-0.7101356406201464,-2.0792081732522565
862,0.003478889559783982,1.0069577791195679,0.003478882542478021,1.0139155512218299
863,-0.5505937589657937,-0.10118751793158731,-0.5231933308428353,-1.1749746077402161
864,0.9654073844257836,2.930814768851567,0.8222808197560743,4.718502973033425
865,0.616572141682488,2.233144283364976,0.5782418923237594,3.427958317371224
866,-0.295098045230205,0.40980390953959,-0.2908336586123752,-0.1761277943029902
867,0.7798694654478024,2.559738930895605,0.7031866144286544,4.042795010772061
868,-0.13304555476780977,0.7339088904643805,-0.1326533928002335,0.4682099428963372
869,-1.014451608649938,-1.028903217299876,-0.8491910818429401,-2.8925459077927544
870,0.25799636732178866,1.5159927346435773,0.25514374661721323,2.029132848582579
871,0.9357680810265079,2.8715361620530158,0.8050549413976286,4.612359184477152
872,1.3087902244035268,3.6175804488070535,0.9658723039786312,5.892242977189211
873,0.5061023452033289,2.0122046904066577,0.4847718905596409,3.0030789261696276
874,-0.07485957892534822,0.8502808421493036,-0.07478968020899755,0.7006315830149578
875,1.0453886777025756,3.090777355405151,0.8651195507033795,5.001285583811106
876,0.7973721649288561,2.594744329857712,0.7155227858255637,4.107639280612132
877,1.1998433488302553,3.3996866976605107,0.9319823107654257,5.531512357256192
878,1.1945498852978498,3.3890997705956996,0.9300503619251872,5.513700017818737
879,0.5918433034789587,2.1836866069579175,0.5578917526975046,3.3334216631343807
880,0.06052400346524989,1.1210480069304998,0.060487058765000774,1.2420590691607505
881,-0.18151754677623022,0.6369649064475396,-0.18052239552918897,0.27492496414212036
882,2.5944488326278714,6.188897665255743,0.5202501375952489,9.303596635478861
883,0.24159499108404808,1.483189982168096,0.23925159882246144,1.9640365720746056
884,0.17968906826270498,1.35937813652541,0.17872365654796865,1.7177908613360837
885,0.3243038480059969,1.6486076960119938,0.31864899959455234,2.291560543612543
886,2.584410560042008,6.168821120084016,0.5287966064702532,9.282028286596278
887,-0.300031502467592,0.39993699506481595,-0.2955503019714848,-0.19564480937426088
888,-0.2543566728891319,0.49128665422173623,-0.25162283244663725,-0.014692851114032901
889,1.2667000655850167,3.5334001311700334,0.9541179495973636,5.754218146352414
890,-0.7519527670986861,-0.5039055341973722,-0.6830662774189564,-1.9389245787150147
891,0.6828839756320879,2.365767951264176,0.6310329067497729,3.6796848336460366
892,0.8589923578397239,2.7179847156794477,0.7571847547717296,4.334161828290901
893,-0.2679359428989587,0.46412811420208255,-0.26474159175690937,-0.06854942045378554
894,-0.9244603443407782,-0.8489206886815563,-0.7982958634804309,-2.5716768965027654
895,0.17734154381465955,1.354683087629319,0.17641343852064914,1.7084380699646275
896,1.3396159441178193,3.6792318882356385,0.9733966160421162,5.992244448395574
897,1.7900824442390852,4.580164888478171,0.9760529909659815,7.346300323683238
898,-0.7894993799493673,-0.5789987598987345,-0.7100008243402451,-2.0784989641883467
899,-0.13032925535080575,0.7393414892983885,-0.1299606126461973,0.47905162130138546
900,-0.086868919226468,0.826262161547064,-0.08675970527031936,0.6526335370502766
901,0.262928412946128,1.525856825892256,0.2599094344608154,2.0486946732991993
902,1.1742920990369026,3.348584198073805,0.9224166811898025,5.44529297830051
903,-0.35566425503364263,0.28867148993271474,-0.34821312490548595,-0.41520589000641384
904,-0.04628191605539933,0.9074361678892013,-0.04626539505935948,0.8148888567744426
905,-0.926970713183491,-0.853941426366982,-0.7998052549911939,-2.580717394541667
906,-1.5473543778806476,-2.094708755761295,-0.9997252500977242,-4.641788383739667
907,1.2161168809470202,3.4322337618940404,0.9377578621783401,5.586108505019401
908,1.2998197188037386,3.599639437607477,0.9635099447501798,5.862969101161395
909,0.28989609459210197,1.579792189184204,0.2858526568406459,2.155540940616952
910,0.7737688804255973,2.5475377608511947,0.6988360075852323,4.020142648862024
911,-1.3226258138729976,-1.6452516277459952,-0.9693634223190695,-3.937240863938062
912,-0.8305829731710748,-0.6611659463421495,-0.7383246801537753,-2.2300735996669996
913,1.530954636767816,4.0619092735356315,0.9992064248503634,6.59207033515381
914,0.7586015691919659,2.5172031383839317,0.6879071388024522,3.9637118463783496
915,1.5301403345769087,4.060280669153817,0.9991736589800505,6.589594662710777
916,-0.088080205153786,0.823839589692428,-0.08796635981990858,0.6477930247187333
917,0.06391114817283933,1.1278222963456788,0.06386764810724757,1.2556010926257657
918,-0.26625915495794095,0.4674816900841181,-0.2631242612109953,-0.06190172608481814
919,-0.7540204743655023,-0.5080409487310047,-0.6845749793690133,-1.9466364024655203
920,-0.0320220512764936,0.9359558974470128,-0.032016578925702956,0.8719172672448162
921,1.3184289839159815,3.636857967831963,0.9683240172139166,5.923610968961861
922,0.24164277957464375,1.4832855591492875,0.23929799914766806,1.9642263378715994
923,1.1004865312063763,3.2009730624127526,0.8914279432408834,5.192887536860011
924,0.6299052149911384,2.2598104299822768,0.5890681664013518,3.478783811374767
925,0.625995304797055,2.25199060959411,0.5859041384823634,3.463890052873529
926,-0.9831996046975215,-0.9663992093950431,-0.8322753683158495,-2.781874182408414
927,-0.5568891350720622,-0.11377827014412434,-0.5285479356921736,-1.1992153409083601
928,-0.31794429014907144,0.3641114197018571,-0.3126145447207573,-0.2664474151679716
929,1.2538107253623427,3.5076214507246855,0.9501793329786964,5.711611509065725
930,1.5171490114105783,4.034298022821156,0.9985613278713482,6.550008362103083
931,0.6732739081605844,2.346547816321169,0.6235488145924064,3.64337053907416
932,0.585941699046626,2.171883398093252,0.552984243246244,3.310809340386122
933,-1.2239761834214078,-1.4479523668428156,-0.9404583276510637,-3.612386877915287
934,2.3244413137516617,5.6488826275033235,0.7291994494077971,8.702523390662783
935,1.3121837292280651,3.6243674584561303,0.966745722108418,5.903296909792613
936,-0.4735234267080871,0.05295314658382577,-0.45602484321441095,-0.8765951233386723
937,-1.7871748958417295,-2.574349791683459,-0.9766813517906183,-5.338206039315806
938,2.779822985431425,6.55964597086285,0.35392990760605975,9.693398863900336
939,2.121531302423855,5.24306260484771,0.8521401294570119,8.216734036728576
940,1.6092220887832402,4.2184441775664805,0.9992618212436685,6.826928087593389
941,1.6064017713721463,4.212803542744293,0.9993661931214063,6.818571507237846
942,0.6308863738969653,2.2617727477939304,0.5898607409065512,3.4825198625974467
943,1.0727236235953126,3.145447247190625,0.8785049267470942,5.096675797533033
944,0.7646516764959748,2.5293033529919495,0.6922856821254966,3.986240711613421
945,-0.5575660270311971,-0.11513205406239413,-0.5291224304868041,-1.2018205115803953
946,-0.3167714440723832,0.36645711185523355,-0.31150026685208926,-0.26181459906923893
947,1.7180302921331143,4.436060584266229,0.9891806459476532,7.143271522346995
948,2.722823815252016,6.445647630504032,0.40663598421279346,9.57510742996884
949,0.5268092128003466,2.0536184256006935,0.502777738673603,3.083205377074643
950,0.63798519132592,2.27597038265184,0.5955781608220576,3.5095337347998177
951,1.1145541400235839,3.2291082800471678,0.8977144410253909,5.241376861096143
952,0.7426000564150949,2.4852001128301895,0.6762056901874928,3.904005859432777
953,1.0339673702300525,3.067934740460105,0.8593347138443319,4.961236824534489
954,-0.6511171062549879,-0.30223421250997573,-0.6060753381279251,-1.5594266568928887
955,0.4441137976045211,1.8882275952090422,0.42965781564070465,2.761999208454268
956,-1.5020585693554214,-2.0041171387108427,-0.9976384903914567,-4.503814198457721
957,2.2125929557538155,5.425185911507631,0.8010215253051042,8.43880039256655
958,2.3683619729565955,5.736723945913191,0.6984509418073478,8.803536860677134
959,0.4563189915024929,1.9126379830049858,0.44064672985078507,2.809603704358264
960,-0.02924172901090194,0.9415165419781961,-0.029237561859054236,0.8830372511082399
961,-0.5672619617142385,-0.13452392342847697,-0.537324871741407,-1.2391107568841224
962,-0.09682108056796435,0.8063578388640713,-0.09666987946392223,0.6128668788321847
963,-0.30491345533263636,0.3901730893347273,-0.3002106237175439,-0.214950989715453
964,-0.7127189620204724,-0.4254379240409447,-0.653893316197512,-1.792050202258929
965,1.0722494078895024,3.144498815779005,0.8782782793482882,5.095026503016795
966,0.7383179398345241,2.476635879669048,0.6730448097777202,3.8879986292812925
967,-0.049894085022107126,0.9002118299557857,-0.04987338637879315,0.8004443585548855
968,0.630079998478551,2.260159996957102,0.5892093970283014,3.4794493924639545
969,0.869673388494431,2.739346776988862,0.7641182884924014,4.373138453975694
970,-0.04635376392944024,0.9072924721411195,-0.04633716587802055,0.8146015423336588
971,0.21374799190281957,1.4274959838056391,0.21212407905042782,1.8533680547588864
972,0.9266165614918801,2.8532331229837604,0.7995926218955617,4.579442306371202
973,0.06914456415146103,1.138289128302922,0.06908948096419083,1.2765231734185738
974,0.20780249513803728,1.4156049902760746,0.20631017055651868,1.8297176559706305
975,0.4635181630239591,1.9270363260479182,0.4470978117520099,2.837652300823887
976,1.1696001898098307,3.3392003796196614,0.9205945375310368,5.429395106960529
977,1.7722853625391768,4.544570725078353,0.9797696657006566,7.296625753318186
978,0.5531862684664894,2.106372536932979,0.5254009430976744,3.184959748497143
979,-1.2334704052105718,-1.4669408104211437,-0.9436430644268461,-3.644054280058562
980,-0.9287806766035023,-0.8575613532070046,-0.8008903921986138,-2.5872324220091207
981,1.050262249720083,3.100524499440166,0.8675536836320727,5.018340432792322
982,-0.2391842734253956,0.5216314531492088,-0.2369102012311684,0.045536978492644764
983,0.8997340195871663,2.7994680391743323,0.7831615458449925,4.4823636046064905
984,0.00997502301077502,1.01995004602155,0.009974857590664138,1.0398999266229894
985,-1.910434653072297,-2.820869306144594,-0.9428752173839005,-5.674179176600791
986,0.5186393058285819,2.0372786116571637,0.49569884172459727,3.0516167592103427
987,1.883366846406685,4.76673369281337,0.951546265237412,7.6016468044574665
988,-0.44298353969701576,0.11403292060596848,-0.4286369278138149,-0.7575875469048622
989,-1.1675599063978117,-1.3351198127956234,-0.9197958509527758,-3.422475570146211
990,-0.20102828217696145,0.5979434356460771,-0.1996770105787784,0.19723814289033725
991,0.0834411493903518,1.1668822987807035,0.08334435762862007,1.3336678057996754
992,0.6426920605715919,2.285384121143184,0.5993525651255586,3.5274287468403345
993,1.744208391618609,4.488416783237218,0.985001769712413,7.217626944568241
994,-0.2112650643262699,0.5774698713474602,-0.2096970047279743,0.15650780229321598
995,0.3160621978938666,1.6321243957877332,0.3108262301714435,2.259012823853043
996,0.29291058874835496,1.58582117749671,0.2887400637840374,2.1674718300291023
997,0.08179734071934652,1.163594681438693,0.08170615622089732,1.327098178378937
998,-1.8303025645628588,-2.6606051291257176,-0.9665167969929834,-5.45742449068156
999,0.9336652049134506,2.8673304098269012,0.803805735661409,4.604801350401761
